appointment_id;patient_id;doctor_id;appointment_date;appointment_time;reason_for_visit;status
A001;P034;D009;2023-08-09;15:15:00;Therapy;Scheduled
A002;P032;D004;2023-06-09;14:30:00;Therapy;No-show
A003;P048;D004;2023-06-28;8:00:00;Consultation;Cancelled
A004;P025;D006;2023-09-01;9:15:00;Consultation;Cancelled
A005;P040;D003;2023-07-06;12:45:00;Emergency;No-show
A006;P045;D006;2023-06-19;16:15:00;Checkup;Scheduled
A007;P001;D007;2023-04-09;10:30:00;Consultation;Scheduled
A008;P016;D010;2023-05-24;8:45:00;Consultation;Cancelled
A009;P039;D010;2023-03-05;13:45:00;Follow-up;Scheduled
A010;P005;D003;2023-01-13;15:30:00;Therapy;Completed
A011;P022;D007;2023-11-12;16:00:00;Checkup;No-show
A012;P029;D003;2023-05-07;10:00:00;Follow-up;Completed
A013;P003;D002;2023-08-16;12:00:00;Emergency;Scheduled
A014;P012;D010;2023-05-25;10:30:00;Emergency;Cancelled
A015;P026;D004;2023-01-15;17:15:00;Consultation;No-show
A016;P016;D008;2023-06-30;11:00:00;Consultation;Scheduled
A017;P037;D009;2023-07-11;17:00:00;Emergency;Scheduled
A018;P022;D007;2023-11-14;9:45:00;Consultation;Cancelled
A019;P029;D001;2023-02-06;15:30:00;Checkup;Cancelled
A020;P014;D003;2023-12-05;15:15:00;Consultation;Completed
A021;P028;D009;2023-04-24;10:00:00;Therapy;No-show
A022;P005;D001;2023-11-14;13:00:00;Consultation;No-show
A023;P047;D009;2023-05-09;14:30:00;Follow-up;Cancelled
A024;P049;D008;2023-06-21;8:00:00;Checkup;Completed
A025;P030;D001;2023-02-25;8:00:00;Follow-up;No-show
A026;P046;D006;2023-03-17;14:15:00;Follow-up;Cancelled
A027;P005;D005;2023-11-14;12:45:00;Therapy;Scheduled
A028;P012;D006;2023-10-29;15:30:00;Checkup;No-show
A029;P016;D010;2023-06-25;14:30:00;Checkup;Completed
A030;P026;D005;2023-08-29;13:15:00;Checkup;Completed
A031;P026;D006;2023-04-04;10:30:00;Checkup;Completed
A032;P048;D005;2023-11-06;10:45:00;Checkup;Scheduled
A033;P021;D005;2023-09-23;17:45:00;Therapy;No-show
A034;P039;D004;2023-06-13;11:30:00;Consultation;No-show
A035;P036;D003;2023-04-18;8:45:00;Follow-up;Scheduled
A036;P033;D003;2023-01-08;14:30:00;Checkup;No-show
A037;P030;D004;2023-03-28;11:00:00;Consultation;Scheduled
A038;P037;D009;2023-02-23;13:00:00;Consultation;Scheduled
A039;P023;D002;2023-04-17;8:00:00;Follow-up;Scheduled
A040;P010;D009;2023-03-27;12:30:00;Therapy;Completed
A041;P005;D001;2023-01-01;14:00:00;Emergency;No-show
A042;P036;D001;2023-03-21;11:15:00;Emergency;Scheduled
A043;P034;D005;2023-03-29;9:15:00;Consultation;No-show
A044;P031;D006;2023-09-20;12:30:00;Follow-up;Completed
A045;P010;D006;2023-09-28;17:00:00;Emergency;Scheduled
A046;P019;D003;2023-12-20;13:15:00;Consultation;Cancelled
A047;P032;D007;2023-05-02;11:00:00;Therapy;Completed
A048;P001;D009;2023-01-16;15:45:00;Emergency;Cancelled
A049;P005;D010;2023-04-30;15:30:00;Consultation;No-show
A050;P045;D008;2023-08-16;15:00:00;Consultation;No-show
A051;P004;D006;2023-02-04;11:45:00;Checkup;Completed
A052;P016;D008;2023-07-12;9:30:00;Therapy;No-show
A053;P024;D005;2023-02-12;10:30:00;Checkup;Cancelled
A054;P016;D008;2023-12-16;11:45:00;Follow-up;Scheduled
A055;P002;D010;2023-10-06;17:30:00;Checkup;Scheduled
A056;P049;D004;2023-01-02;12:45:00;Checkup;Scheduled
A057;P028;D010;2023-04-15;17:45:00;Emergency;Completed
A058;P032;D008;2023-05-09;13:15:00;Consultation;No-show
A059;P027;D010;2023-03-09;15:30:00;Therapy;Cancelled
A060;P020;D002;2023-11-22;17:15:00;Checkup;No-show
A061;P024;D005;2023-01-15;17:00:00;Therapy;No-show
A062;P012;D009;2023-06-14;15:15:00;Checkup;No-show
A063;P050;D004;2023-06-29;9:00:00;Follow-up;Scheduled
A064;P035;D006;2023-05-31;8:30:00;Checkup;Cancelled
A065;P033;D001;2023-04-24;15:45:00;Emergency;Cancelled
A066;P033;D009;2023-05-10;11:45:00;Consultation;No-show
A067;P043;D001;2023-08-10;11:00:00;Follow-up;Scheduled
A068;P037;D005;2023-03-14;15:00:00;Checkup;Scheduled
A069;P012;D004;2023-03-29;15:30:00;Therapy;Cancelled
A070;P003;D003;2023-08-26;17:00:00;Follow-up;Scheduled
A071;P001;D006;2023-01-26;17:00:00;Follow-up;Scheduled
A072;P033;D002;2023-06-12;13:30:00;Checkup;Scheduled
A073;P040;D003;2023-12-24;15:00:00;Follow-up;Completed
A074;P010;D005;2023-07-23;13:30:00;Therapy;No-show
A075;P043;D009;2023-05-08;14:00:00;Follow-up;Cancelled
A076;P044;D002;2023-11-27;12:00:00;Therapy;Cancelled
A077;P029;D010;2023-12-14;17:15:00;Checkup;Completed
A078;P013;D008;2023-09-17;11:15:00;Consultation;No-show
A079;P012;D002;2023-12-26;14:00:00;Follow-up;Cancelled
A080;P031;D005;2023-06-26;8:30:00;Consultation;Scheduled
A081;P046;D007;2023-01-06;13:30:00;Therapy;Cancelled
A082;P002;D008;2023-01-20;10:45:00;Follow-up;Scheduled
A083;P050;D001;2023-11-07;12:30:00;Emergency;Completed
A084;P035;D006;2023-05-31;16:00:00;Consultation;Scheduled
A085;P023;D001;2023-02-18;16:15:00;Follow-up;Cancelled
A086;P017;D002;2023-10-29;11:00:00;Consultation;Cancelled
A087;P026;D001;2023-10-19;12:15:00;Follow-up;Cancelled
A088;P008;D005;2023-05-02;16:30:00;Checkup;Completed
A089;P029;D010;2023-02-14;11:00:00;Consultation;Completed
A090;P026;D009;2023-06-01;17:30:00;Emergency;No-show
A091;P010;D006;2023-06-11;13:15:00;Emergency;Cancelled
A092;P026;D001;2023-01-30;14:15:00;Therapy;Scheduled
A093;P034;D001;2023-04-09;9:30:00;Follow-up;Completed
A094;P041;D002;2023-04-08;8:45:00;Consultation;Cancelled
A095;P007;D009;2023-05-09;10:15:00;Therapy;Cancelled
A096;P004;D003;2023-07-07;15:00:00;Consultation;Completed
A097;P050;D001;2023-05-06;14:45:00;Follow-up;No-show
A098;P045;D005;2023-03-17;13:00:00;Emergency;Completed
A099;P011;D007;2023-07-04;15:00:00;Checkup;Completed
A100;P029;D006;2023-03-02;8:00:00;Emergency;Scheduled
A101;P036;D001;2023-09-21;13:15:00;Therapy;Scheduled
A102;P025;D005;2023-10-25;9:00:00;Checkup;No-show
A103;P021;D005;2023-01-24;8:30:00;Therapy;Cancelled
A104;P036;D006;2023-04-18;8:45:00;Follow-up;Completed
A105;P010;D003;2023-08-14;16:00:00;Checkup;No-show
A106;P037;D005;2023-10-29;11:15:00;Therapy;Scheduled
A107;P009;D007;2023-04-17;13:45:00;Follow-up;Completed
A108;P024;D005;2023-04-21;15:00:00;Emergency;Cancelled
A109;P035;D005;2023-07-29;14:00:00;Follow-up;Scheduled
A110;P049;D005;2023-07-19;14:30:00;Consultation;Scheduled
A111;P035;D010;2023-05-22;15:30:00;Follow-up;Scheduled
A112;P048;D010;2023-01-11;8:00:00;Follow-up;No-show
A113;P036;D003;2023-11-24;15:30:00;Consultation;Cancelled
A114;P018;D001;2023-08-08;9:00:00;Therapy;Completed
A115;P049;D005;2023-10-25;10:30:00;Therapy;No-show
A116;P039;D009;2023-07-07;9:15:00;Follow-up;No-show
A117;P032;D001;2023-06-20;13:45:00;Consultation;No-show
A118;P024;D003;2023-08-09;8:15:00;Consultation;Scheduled
A119;P023;D004;2023-12-18;13:30:00;Emergency;Cancelled
A120;P032;D001;2023-12-08;11:00:00;Therapy;No-show
A121;P037;D001;2023-04-07;15:00:00;Checkup;Completed
A122;P012;D008;2023-07-11;14:30:00;Therapy;Cancelled
A123;P049;D002;2023-02-28;10:45:00;Therapy;Completed
A124;P013;D008;2023-03-16;17:15:00;Emergency;Cancelled
A125;P023;D007;2023-02-18;10:15:00;Checkup;Completed
A126;P025;D010;2023-11-02;9:45:00;Emergency;Scheduled
A127;P035;D010;2023-11-13;8:30:00;Checkup;No-show
A128;P041;D002;2023-04-15;14:45:00;Follow-up;Completed
A129;P030;D006;2023-08-25;9:30:00;Checkup;Cancelled
A130;P017;D006;2023-02-23;15:00:00;Emergency;No-show
A131;P049;D003;2023-05-11;16:30:00;Therapy;No-show
A132;P020;D002;2023-07-26;10:45:00;Checkup;Cancelled
A133;P048;D001;2023-03-23;14:30:00;Checkup;Completed
A134;P025;D006;2023-10-17;15:15:00;Consultation;Scheduled
A135;P022;D005;2023-09-09;16:30:00;Therapy;Scheduled
A136;P013;D009;2023-05-13;12:30:00;Follow-up;Completed
A137;P019;D001;2023-10-25;10:00:00;Emergency;No-show
A138;P049;D007;2023-12-26;15:15:00;Follow-up;No-show
A139;P036;D005;2023-10-10;10:45:00;Therapy;No-show
A140;P012;D005;2023-02-05;15:15:00;Checkup;No-show
A141;P041;D002;2023-06-15;15:15:00;Checkup;Completed
A142;P019;D003;2023-11-01;11:45:00;Therapy;No-show
A143;P012;D007;2023-09-21;12:15:00;Checkup;Cancelled
A144;P009;D006;2023-08-16;12:15:00;Checkup;No-show
A145;P007;D002;2023-11-11;14:45:00;Checkup;Scheduled
A146;P028;D006;2023-01-05;9:30:00;Emergency;No-show
A147;P014;D002;2023-11-13;17:30:00;Emergency;Completed
A148;P031;D002;2023-12-06;8:30:00;Consultation;Scheduled
A149;P019;D002;2023-07-26;12:30:00;Follow-up;Completed
A150;P047;D003;2023-08-16;10:45:00;Therapy;Completed
A151;P016;D002;2023-01-28;9:15:00;Therapy;Scheduled
A152;P005;D004;2023-04-14;8:30:00;Therapy;Completed
A153;P035;D009;2023-07-08;12:45:00;Consultation;Completed
A154;P012;D006;2023-03-06;17:30:00;Emergency;No-show
A155;P025;D001;2023-01-03;9:30:00;Consultation;Cancelled
A156;P021;D008;2023-11-22;14:30:00;Therapy;Completed
A157;P036;D007;2023-05-12;11:00:00;Follow-up;Completed
A158;P023;D010;2023-07-12;12:15:00;Checkup;Completed
A159;P016;D003;2023-04-08;16:15:00;Emergency;No-show
A160;P039;D001;2023-12-17;12:45:00;Emergency;Cancelled
A161;P045;D005;2023-06-17;10:45:00;Consultation;Scheduled
A162;P042;D004;2023-01-01;17:15:00;Emergency;No-show
A163;P039;D010;2023-06-27;15:00:00;Therapy;No-show
A164;P014;D008;2023-07-28;17:15:00;Therapy;Cancelled
A165;P031;D001;2023-04-04;15:30:00;Consultation;Cancelled
A166;P005;D010;2023-01-12;14:45:00;Therapy;No-show
A167;P035;D001;2023-11-15;8:15:00;Follow-up;Scheduled
A168;P023;D004;2023-09-29;10:00:00;Consultation;No-show
A169;P029;D008;2023-07-24;16:45:00;Follow-up;Cancelled
A170;P043;D005;2023-03-03;9:00:00;Checkup;Scheduled
A171;P011;D002;2023-04-18;16:30:00;Follow-up;Cancelled
A172;P018;D006;2023-03-09;16:15:00;Checkup;Scheduled
A173;P047;D005;2023-06-04;13:30:00;Checkup;Completed
A174;P012;D002;2023-10-31;11:15:00;Follow-up;Cancelled
A175;P009;D003;2023-10-22;17:00:00;Consultation;Cancelled
A176;P010;D009;2023-04-26;9:30:00;Therapy;No-show
A177;P044;D007;2023-08-16;12:30:00;Therapy;Cancelled
A178;P017;D007;2023-01-17;13:15:00;Checkup;Cancelled
A179;P038;D006;2023-03-08;12:15:00;Checkup;Completed
A180;P007;D008;2023-01-07;11:00:00;Consultation;Cancelled
A181;P046;D004;2023-09-03;13:15:00;Emergency;Completed
A182;P013;D008;2023-04-12;8:00:00;Follow-up;Completed
A183;P040;D004;2023-02-03;16:15:00;Checkup;Completed
A184;P042;D008;2023-02-26;17:45:00;Therapy;Completed
A185;P009;D009;2023-03-21;14:00:00;Consultation;Scheduled
A186;P050;D003;2023-03-27;17:15:00;Follow-up;No-show
A187;P027;D003;2023-02-13;12:30:00;Consultation;Scheduled
A188;P002;D002;2023-04-12;16:30:00;Follow-up;Cancelled
A189;P005;D010;2023-10-05;13:30:00;Follow-up;Scheduled
A190;P029;D003;2023-11-16;15:15:00;Checkup;Scheduled
A191;P037;D003;2023-04-12;16:00:00;Consultation;Cancelled
A192;P038;D005;2023-08-31;14:15:00;Consultation;Cancelled
A193;P019;D005;2023-09-15;8:15:00;Therapy;Cancelled
A194;P008;D002;2023-04-06;12:45:00;Therapy;Scheduled
A195;P048;D010;2023-08-19;17:15:00;Checkup;Scheduled
A196;P045;D006;2023-10-26;9:45:00;Checkup;Cancelled
A197;P001;D005;2023-04-01;13:30:00;Emergency;No-show
A198;P022;D006;2023-05-15;8:30:00;Therapy;No-show
A199;P017;D001;2023-05-01;12:45:00;Follow-up;Completed
A200;P007;D005;2023-12-30;10:15:00;Consultation;Cancelled
