<?xml version="1.0" encoding="UTF-8"?>
<root>
  <row>
    <week>1</week>
    <month>1</month>
    <service>emergency</service>
    <available_beds>32</available_beds>
    <patients_request>76</patients_request>
    <patients_admitted>32</patients_admitted>
    <patients_refused>44</patients_refused>
    <patient_satisfaction>67</patient_satisfaction>
    <staff_morale>70</staff_morale>
    <event>none</event>
  </row>
  <row>
    <week>1</week>
    <month>1</month>
    <service>surgery</service>
    <available_beds>45</available_beds>
    <patients_request>130</patients_request>
    <patients_admitted>45</patients_admitted>
    <patients_refused>85</patients_refused>
    <patient_satisfaction>83</patient_satisfaction>
    <staff_morale>78</staff_morale>
    <event>flu</event>
  </row>
  <row>
    <week>1</week>
    <month>1</month>
    <service>general_medicine</service>
    <available_beds>37</available_beds>
    <patients_request>201</patients_request>
    <patients_admitted>37</patients_admitted>
    <patients_refused>164</patients_refused>
    <patient_satisfaction>97</patient_satisfaction>
    <staff_morale>43</staff_morale>
    <event>flu</event>
  </row>
  <row>
    <week>1</week>
    <month>1</month>
    <service>ICU</service>
    <available_beds>22</available_beds>
    <patients_request>31</patients_request>
    <patients_admitted>22</patients_admitted>
    <patients_refused>9</patients_refused>
    <patient_satisfaction>84</patient_satisfaction>
    <staff_morale>91</staff_morale>
    <event>flu</event>
  </row>
  <row>
    <week>2</week>
    <month>1</month>
    <service>emergency</service>
    <available_beds>28</available_beds>
    <patients_request>169</patients_request>
    <patients_admitted>28</patients_admitted>
    <patients_refused>141</patients_refused>
    <patient_satisfaction>75</patient_satisfaction>
    <staff_morale>64</staff_morale>
    <event>none</event>
  </row>
  <row>
    <week>2</week>
    <month>1</month>
    <service>surgery</service>
    <available_beds>40</available_beds>
    <patients_request>26</patients_request>
    <patients_admitted>26</patients_admitted>
    <patients_refused>0</patients_refused>
    <patient_satisfaction>96</patient_satisfaction>
    <staff_morale>56</staff_morale>
    <event>none</event>
  </row>
  <row>
    <week>2</week>
    <month>1</month>
    <service>general_medicine</service>
    <available_beds>43</available_beds>
    <patients_request>183</patients_request>
    <patients_admitted>43</patients_admitted>
    <patients_refused>140</patients_refused>
    <patient_satisfaction>73</patient_satisfaction>
    <staff_morale>93</staff_morale>
    <event>flu</event>
  </row>
  <row>
    <week>2</week>
    <month>1</month>
    <service>ICU</service>
    <available_beds>16</available_beds>
    <patients_request>7</patients_request>
    <patients_admitted>7</patients_admitted>
    <patients_refused>0</patients_refused>
    <patient_satisfaction>79</patient_satisfaction>
    <staff_morale>85</staff_morale>
    <event>donation</event>
  </row>
  <row>
    <week>3</week>
    <month>1</month>
    <service>emergency</service>
    <available_beds>32</available_beds>
    <patients_request>177</patients_request>
    <patients_admitted>32</patients_admitted>
    <patients_refused>145</patients_refused>
    <patient_satisfaction>73</patient_satisfaction>
    <staff_morale>58</staff_morale>
    <event>flu</event>
  </row>
  <row>
    <week>3</week>
    <month>1</month>
    <service>surgery</service>
    <available_beds>27</available_beds>
    <patients_request>66</patients_request>
    <patients_admitted>27</patients_admitted>
    <patients_refused>39</patients_refused>
    <patient_satisfaction>63</patient_satisfaction>
    <staff_morale>72</staff_morale>
    <event>flu</event>
  </row>
  <row>
    <week>3</week>
    <month>1</month>
    <service>general_medicine</service>
    <available_beds>37</available_beds>
    <patients_request>58</patients_request>
    <patients_admitted>37</patients_admitted>
    <patients_refused>21</patients_refused>
    <patient_satisfaction>95</patient_satisfaction>
    <staff_morale>63</staff_morale>
    <event>none</event>
  </row>
  <row>
    <week>3</week>
    <month>1</month>
    <service>ICU</service>
    <available_beds>20</available_beds>
    <patients_request>21</patients_request>
    <patients_admitted>20</patients_admitted>
    <patients_refused>1</patients_refused>
    <patient_satisfaction>82</patient_satisfaction>
    <staff_morale>89</staff_morale>
    <event>none</event>
  </row>
  <row>
    <week>4</week>
    <month>1</month>
    <service>emergency</service>
    <available_beds>32</available_beds>
    <patients_request>157</patients_request>
    <patients_admitted>32</patients_admitted>
    <patients_refused>125</patients_refused>
    <patient_satisfaction>83</patient_satisfaction>
    <staff_morale>75</staff_morale>
    <event>none</event>
  </row>
  <row>
    <week>4</week>
    <month>1</month>
    <service>surgery</service>
    <available_beds>56</available_beds>
    <patients_request>57</patients_request>
    <patients_admitted>56</patients_admitted>
    <patients_refused>1</patients_refused>
    <patient_satisfaction>74</patient_satisfaction>
    <staff_morale>94</staff_morale>
    <event>none</event>
  </row>
  <row>
    <week>4</week>
    <month>1</month>
    <service>general_medicine</service>
    <available_beds>43</available_beds>
    <patients_request>152</patients_request>
    <patients_admitted>43</patients_admitted>
    <patients_refused>109</patients_refused>
    <patient_satisfaction>67</patient_satisfaction>
    <staff_morale>66</staff_morale>
    <event>flu</event>
  </row>
  <row>
    <week>4</week>
    <month>1</month>
    <service>ICU</service>
    <available_beds>20</available_beds>
    <patients_request>21</patients_request>
    <patients_admitted>20</patients_admitted>
    <patients_refused>1</patients_refused>
    <patient_satisfaction>64</patient_satisfaction>
    <staff_morale>85</staff_morale>
    <event>flu</event>
  </row>
  <row>
    <week>5</week>
    <month>2</month>
    <service>emergency</service>
    <available_beds>25</available_beds>
    <patients_request>388</patients_request>
    <patients_admitted>25</patients_admitted>
    <patients_refused>363</patients_refused>
    <patient_satisfaction>93</patient_satisfaction>
    <staff_morale>72</staff_morale>
    <event>flu</event>
  </row>
  <row>
    <week>5</week>
    <month>2</month>
    <service>surgery</service>
    <available_beds>26</available_beds>
    <patients_request>70</patients_request>
    <patients_admitted>26</patients_admitted>
    <patients_refused>44</patients_refused>
    <patient_satisfaction>81</patient_satisfaction>
    <staff_morale>83</staff_morale>
    <event>donation</event>
  </row>
  <row>
    <week>5</week>
    <month>2</month>
    <service>general_medicine</service>
    <available_beds>40</available_beds>
    <patients_request>103</patients_request>
    <patients_admitted>40</patients_admitted>
    <patients_refused>63</patients_refused>
    <patient_satisfaction>73</patient_satisfaction>
    <staff_morale>52</staff_morale>
    <event>none</event>
  </row>
  <row>
    <week>5</week>
    <month>2</month>
    <service>ICU</service>
    <available_beds>22</available_beds>
    <patients_request>13</patients_request>
    <patients_admitted>13</patients_admitted>
    <patients_refused>0</patients_refused>
    <patient_satisfaction>73</patient_satisfaction>
    <staff_morale>88</staff_morale>
    <event>none</event>
  </row>
  <row>
    <week>6</week>
    <month>2</month>
    <service>emergency</service>
    <available_beds>34</available_beds>
    <patients_request>198</patients_request>
    <patients_admitted>34</patients_admitted>
    <patients_refused>164</patients_refused>
    <patient_satisfaction>72</patient_satisfaction>
    <staff_morale>76</staff_morale>
    <event>flu</event>
  </row>
  <row>
    <week>6</week>
    <month>2</month>
    <service>surgery</service>
    <available_beds>27</available_beds>
    <patients_request>58</patients_request>
    <patients_admitted>27</patients_admitted>
    <patients_refused>31</patients_refused>
    <patient_satisfaction>96</patient_satisfaction>
    <staff_morale>81</staff_morale>
    <event>donation</event>
  </row>
  <row>
    <week>6</week>
    <month>2</month>
    <service>general_medicine</service>
    <available_beds>69</available_beds>
    <patients_request>90</patients_request>
    <patients_admitted>69</patients_admitted>
    <patients_refused>21</patients_refused>
    <patient_satisfaction>72</patient_satisfaction>
    <staff_morale>81</staff_morale>
    <event>none</event>
  </row>
  <row>
    <week>6</week>
    <month>2</month>
    <service>ICU</service>
    <available_beds>14</available_beds>
    <patients_request>12</patients_request>
    <patients_admitted>12</patients_admitted>
    <patients_refused>0</patients_refused>
    <patient_satisfaction>87</patient_satisfaction>
    <staff_morale>51</staff_morale>
    <event>none</event>
  </row>
  <row>
    <week>7</week>
    <month>2</month>
    <service>emergency</service>
    <available_beds>33</available_beds>
    <patients_request>127</patients_request>
    <patients_admitted>33</patients_admitted>
    <patients_refused>94</patients_refused>
    <patient_satisfaction>65</patient_satisfaction>
    <staff_morale>77</staff_morale>
    <event>none</event>
  </row>
  <row>
    <week>7</week>
    <month>2</month>
    <service>surgery</service>
    <available_beds>37</available_beds>
    <patients_request>46</patients_request>
    <patients_admitted>37</patients_admitted>
    <patients_refused>9</patients_refused>
    <patient_satisfaction>89</patient_satisfaction>
    <staff_morale>60</staff_morale>
    <event>none</event>
  </row>
  <row>
    <week>7</week>
    <month>2</month>
    <service>general_medicine</service>
    <available_beds>62</available_beds>
    <patients_request>80</patients_request>
    <patients_admitted>62</patients_admitted>
    <patients_refused>18</patients_refused>
    <patient_satisfaction>84</patient_satisfaction>
    <staff_morale>98</staff_morale>
    <event>donation</event>
  </row>
  <row>
    <week>7</week>
    <month>2</month>
    <service>ICU</service>
    <available_beds>21</available_beds>
    <patients_request>47</patients_request>
    <patients_admitted>21</patients_admitted>
    <patients_refused>26</patients_refused>
    <patient_satisfaction>72</patient_satisfaction>
    <staff_morale>83</staff_morale>
    <event>flu</event>
  </row>
  <row>
    <week>8</week>
    <month>2</month>
    <service>emergency</service>
    <available_beds>26</available_beds>
    <patients_request>240</patients_request>
    <patients_admitted>26</patients_admitted>
    <patients_refused>214</patients_refused>
    <patient_satisfaction>96</patient_satisfaction>
    <staff_morale>75</staff_morale>
    <event>flu</event>
  </row>
  <row>
    <week>8</week>
    <month>2</month>
    <service>surgery</service>
    <available_beds>51</available_beds>
    <patients_request>20</patients_request>
    <patients_admitted>20</patients_admitted>
    <patients_refused>0</patients_refused>
    <patient_satisfaction>91</patient_satisfaction>
    <staff_morale>61</staff_morale>
    <event>strike</event>
  </row>
  <row>
    <week>8</week>
    <month>2</month>
    <service>general_medicine</service>
    <available_beds>58</available_beds>
    <patients_request>105</patients_request>
    <patients_admitted>58</patients_admitted>
    <patients_refused>47</patients_refused>
    <patient_satisfaction>71</patient_satisfaction>
    <staff_morale>88</staff_morale>
    <event>none</event>
  </row>
  <row>
    <week>8</week>
    <month>2</month>
    <service>ICU</service>
    <available_beds>12</available_beds>
    <patients_request>10</patients_request>
    <patients_admitted>10</patients_admitted>
    <patients_refused>0</patients_refused>
    <patient_satisfaction>76</patient_satisfaction>
    <staff_morale>98</staff_morale>
    <event>none</event>
  </row>
  <row>
    <week>9</week>
    <month>3</month>
    <service>emergency</service>
    <available_beds>28</available_beds>
    <patients_request>113</patients_request>
    <patients_admitted>28</patients_admitted>
    <patients_refused>85</patients_refused>
    <patient_satisfaction>82</patient_satisfaction>
    <staff_morale>86</staff_morale>
    <event>none</event>
  </row>
  <row>
    <week>9</week>
    <month>3</month>
    <service>surgery</service>
    <available_beds>22</available_beds>
    <patients_request>41</patients_request>
    <patients_admitted>22</patients_admitted>
    <patients_refused>19</patients_refused>
    <patient_satisfaction>61</patient_satisfaction>
    <staff_morale>93</staff_morale>
    <event>none</event>
  </row>
  <row>
    <week>9</week>
    <month>3</month>
    <service>general_medicine</service>
    <available_beds>38</available_beds>
    <patients_request>78</patients_request>
    <patients_admitted>38</patients_admitted>
    <patients_refused>40</patients_refused>
    <patient_satisfaction>63</patient_satisfaction>
    <staff_morale>60</staff_morale>
    <event>none</event>
  </row>
  <row>
    <week>9</week>
    <month>3</month>
    <service>ICU</service>
    <available_beds>11</available_beds>
    <patients_request>20</patients_request>
    <patients_admitted>11</patients_admitted>
    <patients_refused>9</patients_refused>
    <patient_satisfaction>97</patient_satisfaction>
    <staff_morale>73</staff_morale>
    <event>none</event>
  </row>
  <row>
    <week>10</week>
    <month>3</month>
    <service>emergency</service>
    <available_beds>17</available_beds>
    <patients_request>130</patients_request>
    <patients_admitted>17</patients_admitted>
    <patients_refused>113</patients_refused>
    <patient_satisfaction>81</patient_satisfaction>
    <staff_morale>60</staff_morale>
    <event>none</event>
  </row>
  <row>
    <week>10</week>
    <month>3</month>
    <service>surgery</service>
    <available_beds>38</available_beds>
    <patients_request>57</patients_request>
    <patients_admitted>38</patients_admitted>
    <patients_refused>19</patients_refused>
    <patient_satisfaction>68</patient_satisfaction>
    <staff_morale>55</staff_morale>
    <event>none</event>
  </row>
  <row>
    <week>10</week>
    <month>3</month>
    <service>general_medicine</service>
    <available_beds>35</available_beds>
    <patients_request>64</patients_request>
    <patients_admitted>35</patients_admitted>
    <patients_refused>29</patients_refused>
    <patient_satisfaction>95</patient_satisfaction>
    <staff_morale>68</staff_morale>
    <event>none</event>
  </row>
  <row>
    <week>10</week>
    <month>3</month>
    <service>ICU</service>
    <available_beds>13</available_beds>
    <patients_request>8</patients_request>
    <patients_admitted>8</patients_admitted>
    <patients_refused>0</patients_refused>
    <patient_satisfaction>91</patient_satisfaction>
    <staff_morale>56</staff_morale>
    <event>none</event>
  </row>
  <row>
    <week>11</week>
    <month>3</month>
    <service>emergency</service>
    <available_beds>16</available_beds>
    <patients_request>97</patients_request>
    <patients_admitted>16</patients_admitted>
    <patients_refused>81</patients_refused>
    <patient_satisfaction>98</patient_satisfaction>
    <staff_morale>72</staff_morale>
    <event>donation</event>
  </row>
  <row>
    <week>11</week>
    <month>3</month>
    <service>surgery</service>
    <available_beds>48</available_beds>
    <patients_request>48</patients_request>
    <patients_admitted>48</patients_admitted>
    <patients_refused>0</patients_refused>
    <patient_satisfaction>82</patient_satisfaction>
    <staff_morale>80</staff_morale>
    <event>none</event>
  </row>
  <row>
    <week>11</week>
    <month>3</month>
    <service>general_medicine</service>
    <available_beds>35</available_beds>
    <patients_request>50</patients_request>
    <patients_admitted>35</patients_admitted>
    <patients_refused>15</patients_refused>
    <patient_satisfaction>75</patient_satisfaction>
    <staff_morale>75</staff_morale>
    <event>none</event>
  </row>
  <row>
    <week>11</week>
    <month>3</month>
    <service>ICU</service>
    <available_beds>14</available_beds>
    <patients_request>17</patients_request>
    <patients_admitted>14</patients_admitted>
    <patients_refused>3</patients_refused>
    <patient_satisfaction>61</patient_satisfaction>
    <staff_morale>50</staff_morale>
    <event>none</event>
  </row>
  <row>
    <week>12</week>
    <month>3</month>
    <service>emergency</service>
    <available_beds>28</available_beds>
    <patients_request>347</patients_request>
    <patients_admitted>28</patients_admitted>
    <patients_refused>319</patients_refused>
    <patient_satisfaction>68</patient_satisfaction>
    <staff_morale>83</staff_morale>
    <event>flu</event>
  </row>
  <row>
    <week>12</week>
    <month>3</month>
    <service>surgery</service>
    <available_beds>38</available_beds>
    <patients_request>24</patients_request>
    <patients_admitted>24</patients_admitted>
    <patients_refused>0</patients_refused>
    <patient_satisfaction>79</patient_satisfaction>
    <staff_morale>73</staff_morale>
    <event>none</event>
  </row>
  <row>
    <week>12</week>
    <month>3</month>
    <service>general_medicine</service>
    <available_beds>33</available_beds>
    <patients_request>69</patients_request>
    <patients_admitted>33</patients_admitted>
    <patients_refused>36</patients_refused>
    <patient_satisfaction>70</patient_satisfaction>
    <staff_morale>98</staff_morale>
    <event>none</event>
  </row>
  <row>
    <week>12</week>
    <month>3</month>
    <service>ICU</service>
    <available_beds>16</available_beds>
    <patients_request>13</patients_request>
    <patients_admitted>13</patients_admitted>
    <patients_refused>0</patients_refused>
    <patient_satisfaction>79</patient_satisfaction>
    <staff_morale>94</staff_morale>
    <event>donation</event>
  </row>
  <row>
    <week>13</week>
    <month>4</month>
    <service>emergency</service>
    <available_beds>23</available_beds>
    <patients_request>142</patients_request>
    <patients_admitted>23</patients_admitted>
    <patients_refused>119</patients_refused>
    <patient_satisfaction>77</patient_satisfaction>
    <staff_morale>95</staff_morale>
    <event>none</event>
  </row>
  <row>
    <week>13</week>
    <month>4</month>
    <service>surgery</service>
    <available_beds>41</available_beds>
    <patients_request>54</patients_request>
    <patients_admitted>41</patients_admitted>
    <patients_refused>13</patients_refused>
    <patient_satisfaction>75</patient_satisfaction>
    <staff_morale>90</staff_morale>
    <event>none</event>
  </row>
  <row>
    <week>13</week>
    <month>4</month>
    <service>general_medicine</service>
    <available_beds>33</available_beds>
    <patients_request>72</patients_request>
    <patients_admitted>33</patients_admitted>
    <patients_refused>39</patients_refused>
    <patient_satisfaction>73</patient_satisfaction>
    <staff_morale>70</staff_morale>
    <event>none</event>
  </row>
  <row>
    <week>13</week>
    <month>4</month>
    <service>ICU</service>
    <available_beds>17</available_beds>
    <patients_request>12</patients_request>
    <patients_admitted>12</patients_admitted>
    <patients_refused>0</patients_refused>
    <patient_satisfaction>66</patient_satisfaction>
    <staff_morale>52</staff_morale>
    <event>none</event>
  </row>
  <row>
    <week>14</week>
    <month>4</month>
    <service>emergency</service>
    <available_beds>15</available_beds>
    <patients_request>97</patients_request>
    <patients_admitted>15</patients_admitted>
    <patients_refused>82</patients_refused>
    <patient_satisfaction>71</patient_satisfaction>
    <staff_morale>71</staff_morale>
    <event>none</event>
  </row>
  <row>
    <week>14</week>
    <month>4</month>
    <service>surgery</service>
    <available_beds>33</available_beds>
    <patients_request>49</patients_request>
    <patients_admitted>33</patients_admitted>
    <patients_refused>16</patients_refused>
    <patient_satisfaction>97</patient_satisfaction>
    <staff_morale>87</staff_morale>
    <event>none</event>
  </row>
  <row>
    <week>14</week>
    <month>4</month>
    <service>general_medicine</service>
    <available_beds>51</available_beds>
    <patients_request>47</patients_request>
    <patients_admitted>47</patients_admitted>
    <patients_refused>0</patients_refused>
    <patient_satisfaction>86</patient_satisfaction>
    <staff_morale>76</staff_morale>
    <event>none</event>
  </row>
  <row>
    <week>14</week>
    <month>4</month>
    <service>ICU</service>
    <available_beds>10</available_beds>
    <patients_request>16</patients_request>
    <patients_admitted>10</patients_admitted>
    <patients_refused>6</patients_refused>
    <patient_satisfaction>92</patient_satisfaction>
    <staff_morale>54</staff_morale>
    <event>none</event>
  </row>
  <row>
    <week>15</week>
    <month>4</month>
    <service>emergency</service>
    <available_beds>17</available_beds>
    <patients_request>53</patients_request>
    <patients_admitted>17</patients_admitted>
    <patients_refused>36</patients_refused>
    <patient_satisfaction>94</patient_satisfaction>
    <staff_morale>98</staff_morale>
    <event>none</event>
  </row>
  <row>
    <week>15</week>
    <month>4</month>
    <service>surgery</service>
    <available_beds>31</available_beds>
    <patients_request>124</patients_request>
    <patients_admitted>31</patients_admitted>
    <patients_refused>93</patients_refused>
    <patient_satisfaction>65</patient_satisfaction>
    <staff_morale>76</staff_morale>
    <event>flu</event>
  </row>
  <row>
    <week>15</week>
    <month>4</month>
    <service>general_medicine</service>
    <available_beds>53</available_beds>
    <patients_request>179</patients_request>
    <patients_admitted>53</patients_admitted>
    <patients_refused>126</patients_refused>
    <patient_satisfaction>90</patient_satisfaction>
    <staff_morale>76</staff_morale>
    <event>flu</event>
  </row>
  <row>
    <week>15</week>
    <month>4</month>
    <service>ICU</service>
    <available_beds>14</available_beds>
    <patients_request>11</patients_request>
    <patients_admitted>11</patients_admitted>
    <patients_refused>0</patients_refused>
    <patient_satisfaction>92</patient_satisfaction>
    <staff_morale>52</staff_morale>
    <event>none</event>
  </row>
  <row>
    <week>16</week>
    <month>4</month>
    <service>emergency</service>
    <available_beds>23</available_beds>
    <patients_request>144</patients_request>
    <patients_admitted>23</patients_admitted>
    <patients_refused>121</patients_refused>
    <patient_satisfaction>62</patient_satisfaction>
    <staff_morale>89</staff_morale>
    <event>none</event>
  </row>
  <row>
    <week>16</week>
    <month>4</month>
    <service>surgery</service>
    <available_beds>37</available_beds>
    <patients_request>28</patients_request>
    <patients_admitted>28</patients_admitted>
    <patients_refused>0</patients_refused>
    <patient_satisfaction>82</patient_satisfaction>
    <staff_morale>31</staff_morale>
    <event>strike</event>
  </row>
  <row>
    <week>16</week>
    <month>4</month>
    <service>general_medicine</service>
    <available_beds>39</available_beds>
    <patients_request>41</patients_request>
    <patients_admitted>39</patients_admitted>
    <patients_refused>2</patients_refused>
    <patient_satisfaction>85</patient_satisfaction>
    <staff_morale>66</staff_morale>
    <event>none</event>
  </row>
  <row>
    <week>16</week>
    <month>4</month>
    <service>ICU</service>
    <available_beds>18</available_beds>
    <patients_request>15</patients_request>
    <patients_admitted>15</patients_admitted>
    <patients_refused>0</patients_refused>
    <patient_satisfaction>98</patient_satisfaction>
    <staff_morale>78</staff_morale>
    <event>none</event>
  </row>
  <row>
    <week>17</week>
    <month>5</month>
    <service>emergency</service>
    <available_beds>21</available_beds>
    <patients_request>133</patients_request>
    <patients_admitted>21</patients_admitted>
    <patients_refused>112</patients_refused>
    <patient_satisfaction>84</patient_satisfaction>
    <staff_morale>73</staff_morale>
    <event>none</event>
  </row>
  <row>
    <week>17</week>
    <month>5</month>
    <service>surgery</service>
    <available_beds>40</available_beds>
    <patients_request>23</patients_request>
    <patients_admitted>23</patients_admitted>
    <patients_refused>0</patients_refused>
    <patient_satisfaction>95</patient_satisfaction>
    <staff_morale>94</staff_morale>
    <event>none</event>
  </row>
  <row>
    <week>17</week>
    <month>5</month>
    <service>general_medicine</service>
    <available_beds>33</available_beds>
    <patients_request>76</patients_request>
    <patients_admitted>33</patients_admitted>
    <patients_refused>43</patients_refused>
    <patient_satisfaction>75</patient_satisfaction>
    <staff_morale>63</staff_morale>
    <event>none</event>
  </row>
  <row>
    <week>17</week>
    <month>5</month>
    <service>ICU</service>
    <available_beds>14</available_beds>
    <patients_request>17</patients_request>
    <patients_admitted>14</patients_admitted>
    <patients_refused>3</patients_refused>
    <patient_satisfaction>87</patient_satisfaction>
    <staff_morale>83</staff_morale>
    <event>none</event>
  </row>
  <row>
    <week>18</week>
    <month>5</month>
    <service>emergency</service>
    <available_beds>18</available_beds>
    <patients_request>100</patients_request>
    <patients_admitted>18</patients_admitted>
    <patients_refused>82</patients_refused>
    <patient_satisfaction>81</patient_satisfaction>
    <staff_morale>80</staff_morale>
    <event>donation</event>
  </row>
  <row>
    <week>18</week>
    <month>5</month>
    <service>surgery</service>
    <available_beds>43</available_beds>
    <patients_request>36</patients_request>
    <patients_admitted>36</patients_admitted>
    <patients_refused>0</patients_refused>
    <patient_satisfaction>81</patient_satisfaction>
    <staff_morale>98</staff_morale>
    <event>none</event>
  </row>
  <row>
    <week>18</week>
    <month>5</month>
    <service>general_medicine</service>
    <available_beds>31</available_beds>
    <patients_request>25</patients_request>
    <patients_admitted>25</patients_admitted>
    <patients_refused>0</patients_refused>
    <patient_satisfaction>96</patient_satisfaction>
    <staff_morale>62</staff_morale>
    <event>strike</event>
  </row>
  <row>
    <week>18</week>
    <month>5</month>
    <service>ICU</service>
    <available_beds>12</available_beds>
    <patients_request>9</patients_request>
    <patients_admitted>9</patients_admitted>
    <patients_refused>0</patients_refused>
    <patient_satisfaction>63</patient_satisfaction>
    <staff_morale>55</staff_morale>
    <event>none</event>
  </row>
  <row>
    <week>19</week>
    <month>5</month>
    <service>emergency</service>
    <available_beds>16</available_beds>
    <patients_request>70</patients_request>
    <patients_admitted>16</patients_admitted>
    <patients_refused>54</patients_refused>
    <patient_satisfaction>99</patient_satisfaction>
    <staff_morale>45</staff_morale>
    <event>strike</event>
  </row>
  <row>
    <week>19</week>
    <month>5</month>
    <service>surgery</service>
    <available_beds>42</available_beds>
    <patients_request>44</patients_request>
    <patients_admitted>42</patients_admitted>
    <patients_refused>2</patients_refused>
    <patient_satisfaction>78</patient_satisfaction>
    <staff_morale>66</staff_morale>
    <event>none</event>
  </row>
  <row>
    <week>19</week>
    <month>5</month>
    <service>general_medicine</service>
    <available_beds>43</available_beds>
    <patients_request>60</patients_request>
    <patients_admitted>43</patients_admitted>
    <patients_refused>17</patients_refused>
    <patient_satisfaction>85</patient_satisfaction>
    <staff_morale>86</staff_morale>
    <event>none</event>
  </row>
  <row>
    <week>19</week>
    <month>5</month>
    <service>ICU</service>
    <available_beds>14</available_beds>
    <patients_request>17</patients_request>
    <patients_admitted>14</patients_admitted>
    <patients_refused>3</patients_refused>
    <patient_satisfaction>68</patient_satisfaction>
    <staff_morale>61</staff_morale>
    <event>none</event>
  </row>
  <row>
    <week>20</week>
    <month>5</month>
    <service>emergency</service>
    <available_beds>21</available_beds>
    <patients_request>45</patients_request>
    <patients_admitted>21</patients_admitted>
    <patients_refused>24</patients_refused>
    <patient_satisfaction>93</patient_satisfaction>
    <staff_morale>81</staff_morale>
    <event>none</event>
  </row>
  <row>
    <week>20</week>
    <month>5</month>
    <service>surgery</service>
    <available_beds>31</available_beds>
    <patients_request>39</patients_request>
    <patients_admitted>31</patients_admitted>
    <patients_refused>8</patients_refused>
    <patient_satisfaction>99</patient_satisfaction>
    <staff_morale>94</staff_morale>
    <event>none</event>
  </row>
  <row>
    <week>20</week>
    <month>5</month>
    <service>general_medicine</service>
    <available_beds>40</available_beds>
    <patients_request>70</patients_request>
    <patients_admitted>40</patients_admitted>
    <patients_refused>30</patients_refused>
    <patient_satisfaction>64</patient_satisfaction>
    <staff_morale>71</staff_morale>
    <event>none</event>
  </row>
  <row>
    <week>20</week>
    <month>5</month>
    <service>ICU</service>
    <available_beds>10</available_beds>
    <patients_request>14</patients_request>
    <patients_admitted>10</patients_admitted>
    <patients_refused>4</patients_refused>
    <patient_satisfaction>85</patient_satisfaction>
    <staff_morale>65</staff_morale>
    <event>none</event>
  </row>
  <row>
    <week>21</week>
    <month>6</month>
    <service>emergency</service>
    <available_beds>18</available_beds>
    <patients_request>95</patients_request>
    <patients_admitted>18</patients_admitted>
    <patients_refused>77</patients_refused>
    <patient_satisfaction>88</patient_satisfaction>
    <staff_morale>63</staff_morale>
    <event>none</event>
  </row>
  <row>
    <week>21</week>
    <month>6</month>
    <service>surgery</service>
    <available_beds>30</available_beds>
    <patients_request>44</patients_request>
    <patients_admitted>30</patients_admitted>
    <patients_refused>14</patients_refused>
    <patient_satisfaction>64</patient_satisfaction>
    <staff_morale>67</staff_morale>
    <event>donation</event>
  </row>
  <row>
    <week>21</week>
    <month>6</month>
    <service>general_medicine</service>
    <available_beds>45</available_beds>
    <patients_request>70</patients_request>
    <patients_admitted>45</patients_admitted>
    <patients_refused>25</patients_refused>
    <patient_satisfaction>95</patient_satisfaction>
    <staff_morale>82</staff_morale>
    <event>none</event>
  </row>
  <row>
    <week>21</week>
    <month>6</month>
    <service>ICU</service>
    <available_beds>12</available_beds>
    <patients_request>9</patients_request>
    <patients_admitted>9</patients_admitted>
    <patients_refused>0</patients_refused>
    <patient_satisfaction>69</patient_satisfaction>
    <staff_morale>54</staff_morale>
    <event>none</event>
  </row>
  <row>
    <week>22</week>
    <month>6</month>
    <service>emergency</service>
    <available_beds>16</available_beds>
    <patients_request>129</patients_request>
    <patients_admitted>16</patients_admitted>
    <patients_refused>113</patients_refused>
    <patient_satisfaction>69</patient_satisfaction>
    <staff_morale>68</staff_morale>
    <event>none</event>
  </row>
  <row>
    <week>22</week>
    <month>6</month>
    <service>surgery</service>
    <available_beds>18</available_beds>
    <patients_request>21</patients_request>
    <patients_admitted>18</patients_admitted>
    <patients_refused>3</patients_refused>
    <patient_satisfaction>63</patient_satisfaction>
    <staff_morale>65</staff_morale>
    <event>none</event>
  </row>
  <row>
    <week>22</week>
    <month>6</month>
    <service>general_medicine</service>
    <available_beds>46</available_beds>
    <patients_request>36</patients_request>
    <patients_admitted>36</patients_admitted>
    <patients_refused>0</patients_refused>
    <patient_satisfaction>87</patient_satisfaction>
    <staff_morale>88</staff_morale>
    <event>donation</event>
  </row>
  <row>
    <week>22</week>
    <month>6</month>
    <service>ICU</service>
    <available_beds>9</available_beds>
    <patients_request>6</patients_request>
    <patients_admitted>6</patients_admitted>
    <patients_refused>0</patients_refused>
    <patient_satisfaction>92</patient_satisfaction>
    <staff_morale>82</staff_morale>
    <event>none</event>
  </row>
  <row>
    <week>23</week>
    <month>6</month>
    <service>emergency</service>
    <available_beds>22</available_beds>
    <patients_request>54</patients_request>
    <patients_admitted>22</patients_admitted>
    <patients_refused>32</patients_refused>
    <patient_satisfaction>62</patient_satisfaction>
    <staff_morale>50</staff_morale>
    <event>none</event>
  </row>
  <row>
    <week>23</week>
    <month>6</month>
    <service>surgery</service>
    <available_beds>26</available_beds>
    <patients_request>43</patients_request>
    <patients_admitted>26</patients_admitted>
    <patients_refused>17</patients_refused>
    <patient_satisfaction>72</patient_satisfaction>
    <staff_morale>61</staff_morale>
    <event>none</event>
  </row>
  <row>
    <week>23</week>
    <month>6</month>
    <service>general_medicine</service>
    <available_beds>27</available_beds>
    <patients_request>81</patients_request>
    <patients_admitted>27</patients_admitted>
    <patients_refused>54</patients_refused>
    <patient_satisfaction>94</patient_satisfaction>
    <staff_morale>77</staff_morale>
    <event>donation</event>
  </row>
  <row>
    <week>23</week>
    <month>6</month>
    <service>ICU</service>
    <available_beds>17</available_beds>
    <patients_request>12</patients_request>
    <patients_admitted>12</patients_admitted>
    <patients_refused>0</patients_refused>
    <patient_satisfaction>85</patient_satisfaction>
    <staff_morale>83</staff_morale>
    <event>none</event>
  </row>
  <row>
    <week>24</week>
    <month>6</month>
    <service>emergency</service>
    <available_beds>18</available_beds>
    <patients_request>105</patients_request>
    <patients_admitted>18</patients_admitted>
    <patients_refused>87</patients_refused>
    <patient_satisfaction>70</patient_satisfaction>
    <staff_morale>78</staff_morale>
    <event>none</event>
  </row>
  <row>
    <week>24</week>
    <month>6</month>
    <service>surgery</service>
    <available_beds>39</available_beds>
    <patients_request>21</patients_request>
    <patients_admitted>21</patients_admitted>
    <patients_refused>0</patients_refused>
    <patient_satisfaction>95</patient_satisfaction>
    <staff_morale>39</staff_morale>
    <event>strike</event>
  </row>
  <row>
    <week>24</week>
    <month>6</month>
    <service>general_medicine</service>
    <available_beds>47</available_beds>
    <patients_request>66</patients_request>
    <patients_admitted>47</patients_admitted>
    <patients_refused>19</patients_refused>
    <patient_satisfaction>94</patient_satisfaction>
    <staff_morale>97</staff_morale>
    <event>none</event>
  </row>
  <row>
    <week>24</week>
    <month>6</month>
    <service>ICU</service>
    <available_beds>9</available_beds>
    <patients_request>9</patients_request>
    <patients_admitted>9</patients_admitted>
    <patients_refused>0</patients_refused>
    <patient_satisfaction>91</patient_satisfaction>
    <staff_morale>73</staff_morale>
    <event>none</event>
  </row>
  <row>
    <week>25</week>
    <month>7</month>
    <service>emergency</service>
    <available_beds>15</available_beds>
    <patients_request>48</patients_request>
    <patients_admitted>15</patients_admitted>
    <patients_refused>33</patients_refused>
    <patient_satisfaction>72</patient_satisfaction>
    <staff_morale>72</staff_morale>
    <event>none</event>
  </row>
  <row>
    <week>25</week>
    <month>7</month>
    <service>surgery</service>
    <available_beds>22</available_beds>
    <patients_request>39</patients_request>
    <patients_admitted>22</patients_admitted>
    <patients_refused>17</patients_refused>
    <patient_satisfaction>76</patient_satisfaction>
    <staff_morale>98</staff_morale>
    <event>none</event>
  </row>
  <row>
    <week>25</week>
    <month>7</month>
    <service>general_medicine</service>
    <available_beds>36</available_beds>
    <patients_request>51</patients_request>
    <patients_admitted>36</patients_admitted>
    <patients_refused>15</patients_refused>
    <patient_satisfaction>81</patient_satisfaction>
    <staff_morale>62</staff_morale>
    <event>none</event>
  </row>
  <row>
    <week>25</week>
    <month>7</month>
    <service>ICU</service>
    <available_beds>8</available_beds>
    <patients_request>6</patients_request>
    <patients_admitted>6</patients_admitted>
    <patients_refused>0</patients_refused>
    <patient_satisfaction>71</patient_satisfaction>
    <staff_morale>90</staff_morale>
    <event>none</event>
  </row>
  <row>
    <week>26</week>
    <month>7</month>
    <service>emergency</service>
    <available_beds>18</available_beds>
    <patients_request>96</patients_request>
    <patients_admitted>18</patients_admitted>
    <patients_refused>78</patients_refused>
    <patient_satisfaction>87</patient_satisfaction>
    <staff_morale>63</staff_morale>
    <event>none</event>
  </row>
  <row>
    <week>26</week>
    <month>7</month>
    <service>surgery</service>
    <available_beds>31</available_beds>
    <patients_request>30</patients_request>
    <patients_admitted>30</patients_admitted>
    <patients_refused>0</patients_refused>
    <patient_satisfaction>75</patient_satisfaction>
    <staff_morale>54</staff_morale>
    <event>none</event>
  </row>
  <row>
    <week>26</week>
    <month>7</month>
    <service>general_medicine</service>
    <available_beds>43</available_beds>
    <patients_request>72</patients_request>
    <patients_admitted>43</patients_admitted>
    <patients_refused>29</patients_refused>
    <patient_satisfaction>80</patient_satisfaction>
    <staff_morale>85</staff_morale>
    <event>none</event>
  </row>
  <row>
    <week>26</week>
    <month>7</month>
    <service>ICU</service>
    <available_beds>14</available_beds>
    <patients_request>8</patients_request>
    <patients_admitted>8</patients_admitted>
    <patients_refused>0</patients_refused>
    <patient_satisfaction>98</patient_satisfaction>
    <staff_morale>63</staff_morale>
    <event>none</event>
  </row>
  <row>
    <week>27</week>
    <month>7</month>
    <service>emergency</service>
    <available_beds>15</available_beds>
    <patients_request>67</patients_request>
    <patients_admitted>15</patients_admitted>
    <patients_refused>52</patients_refused>
    <patient_satisfaction>82</patient_satisfaction>
    <staff_morale>78</staff_morale>
    <event>none</event>
  </row>
  <row>
    <week>27</week>
    <month>7</month>
    <service>surgery</service>
    <available_beds>29</available_beds>
    <patients_request>24</patients_request>
    <patients_admitted>24</patients_admitted>
    <patients_refused>0</patients_refused>
    <patient_satisfaction>68</patient_satisfaction>
    <staff_morale>59</staff_morale>
    <event>none</event>
  </row>
  <row>
    <week>27</week>
    <month>7</month>
    <service>general_medicine</service>
    <available_beds>36</available_beds>
    <patients_request>61</patients_request>
    <patients_admitted>36</patients_admitted>
    <patients_refused>25</patients_refused>
    <patient_satisfaction>66</patient_satisfaction>
    <staff_morale>95</staff_morale>
    <event>none</event>
  </row>
  <row>
    <week>27</week>
    <month>7</month>
    <service>ICU</service>
    <available_beds>15</available_beds>
    <patients_request>10</patients_request>
    <patients_admitted>10</patients_admitted>
    <patients_refused>0</patients_refused>
    <patient_satisfaction>86</patient_satisfaction>
    <staff_morale>51</staff_morale>
    <event>none</event>
  </row>
  <row>
    <week>28</week>
    <month>7</month>
    <service>emergency</service>
    <available_beds>15</available_beds>
    <patients_request>69</patients_request>
    <patients_admitted>15</patients_admitted>
    <patients_refused>54</patients_refused>
    <patient_satisfaction>78</patient_satisfaction>
    <staff_morale>66</staff_morale>
    <event>donation</event>
  </row>
  <row>
    <week>28</week>
    <month>7</month>
    <service>surgery</service>
    <available_beds>31</available_beds>
    <patients_request>28</patients_request>
    <patients_admitted>28</patients_admitted>
    <patients_refused>0</patients_refused>
    <patient_satisfaction>66</patient_satisfaction>
    <staff_morale>74</staff_morale>
    <event>none</event>
  </row>
  <row>
    <week>28</week>
    <month>7</month>
    <service>general_medicine</service>
    <available_beds>26</available_beds>
    <patients_request>36</patients_request>
    <patients_admitted>26</patients_admitted>
    <patients_refused>10</patients_refused>
    <patient_satisfaction>90</patient_satisfaction>
    <staff_morale>68</staff_morale>
    <event>none</event>
  </row>
  <row>
    <week>28</week>
    <month>7</month>
    <service>ICU</service>
    <available_beds>12</available_beds>
    <patients_request>8</patients_request>
    <patients_admitted>8</patients_admitted>
    <patients_refused>0</patients_refused>
    <patient_satisfaction>86</patient_satisfaction>
    <staff_morale>59</staff_morale>
    <event>none</event>
  </row>
  <row>
    <week>29</week>
    <month>8</month>
    <service>emergency</service>
    <available_beds>16</available_beds>
    <patients_request>92</patients_request>
    <patients_admitted>16</patients_admitted>
    <patients_refused>76</patients_refused>
    <patient_satisfaction>72</patient_satisfaction>
    <staff_morale>99</staff_morale>
    <event>none</event>
  </row>
  <row>
    <week>29</week>
    <month>8</month>
    <service>surgery</service>
    <available_beds>36</available_beds>
    <patients_request>31</patients_request>
    <patients_admitted>31</patients_admitted>
    <patients_refused>0</patients_refused>
    <patient_satisfaction>87</patient_satisfaction>
    <staff_morale>57</staff_morale>
    <event>none</event>
  </row>
  <row>
    <week>29</week>
    <month>8</month>
    <service>general_medicine</service>
    <available_beds>30</available_beds>
    <patients_request>62</patients_request>
    <patients_admitted>30</patients_admitted>
    <patients_refused>32</patients_refused>
    <patient_satisfaction>60</patient_satisfaction>
    <staff_morale>52</staff_morale>
    <event>none</event>
  </row>
  <row>
    <week>29</week>
    <month>8</month>
    <service>ICU</service>
    <available_beds>14</available_beds>
    <patients_request>15</patients_request>
    <patients_admitted>14</patients_admitted>
    <patients_refused>1</patients_refused>
    <patient_satisfaction>84</patient_satisfaction>
    <staff_morale>82</staff_morale>
    <event>none</event>
  </row>
  <row>
    <week>30</week>
    <month>8</month>
    <service>emergency</service>
    <available_beds>16</available_beds>
    <patients_request>85</patients_request>
    <patients_admitted>16</patients_admitted>
    <patients_refused>69</patients_refused>
    <patient_satisfaction>91</patient_satisfaction>
    <staff_morale>94</staff_morale>
    <event>none</event>
  </row>
  <row>
    <week>30</week>
    <month>8</month>
    <service>surgery</service>
    <available_beds>32</available_beds>
    <patients_request>15</patients_request>
    <patients_admitted>15</patients_admitted>
    <patients_refused>0</patients_refused>
    <patient_satisfaction>70</patient_satisfaction>
    <staff_morale>66</staff_morale>
    <event>strike</event>
  </row>
  <row>
    <week>30</week>
    <month>8</month>
    <service>general_medicine</service>
    <available_beds>38</available_beds>
    <patients_request>47</patients_request>
    <patients_admitted>38</patients_admitted>
    <patients_refused>9</patients_refused>
    <patient_satisfaction>77</patient_satisfaction>
    <staff_morale>96</staff_morale>
    <event>none</event>
  </row>
  <row>
    <week>30</week>
    <month>8</month>
    <service>ICU</service>
    <available_beds>8</available_beds>
    <patients_request>7</patients_request>
    <patients_admitted>7</patients_admitted>
    <patients_refused>0</patients_refused>
    <patient_satisfaction>62</patient_satisfaction>
    <staff_morale>65</staff_morale>
    <event>none</event>
  </row>
  <row>
    <week>31</week>
    <month>8</month>
    <service>emergency</service>
    <available_beds>20</available_beds>
    <patients_request>48</patients_request>
    <patients_admitted>20</patients_admitted>
    <patients_refused>28</patients_refused>
    <patient_satisfaction>69</patient_satisfaction>
    <staff_morale>81</staff_morale>
    <event>none</event>
  </row>
  <row>
    <week>31</week>
    <month>8</month>
    <service>surgery</service>
    <available_beds>20</available_beds>
    <patients_request>24</patients_request>
    <patients_admitted>20</patients_admitted>
    <patients_refused>4</patients_refused>
    <patient_satisfaction>83</patient_satisfaction>
    <staff_morale>86</staff_morale>
    <event>donation</event>
  </row>
  <row>
    <week>31</week>
    <month>8</month>
    <service>general_medicine</service>
    <available_beds>45</available_beds>
    <patients_request>60</patients_request>
    <patients_admitted>45</patients_admitted>
    <patients_refused>15</patients_refused>
    <patient_satisfaction>85</patient_satisfaction>
    <staff_morale>57</staff_morale>
    <event>none</event>
  </row>
  <row>
    <week>31</week>
    <month>8</month>
    <service>ICU</service>
    <available_beds>8</available_beds>
    <patients_request>12</patients_request>
    <patients_admitted>8</patients_admitted>
    <patients_refused>4</patients_refused>
    <patient_satisfaction>87</patient_satisfaction>
    <staff_morale>86</staff_morale>
    <event>none</event>
  </row>
  <row>
    <week>32</week>
    <month>8</month>
    <service>emergency</service>
    <available_beds>20</available_beds>
    <patients_request>89</patients_request>
    <patients_admitted>20</patients_admitted>
    <patients_refused>69</patients_refused>
    <patient_satisfaction>76</patient_satisfaction>
    <staff_morale>58</staff_morale>
    <event>none</event>
  </row>
  <row>
    <week>32</week>
    <month>8</month>
    <service>surgery</service>
    <available_beds>31</available_beds>
    <patients_request>25</patients_request>
    <patients_admitted>25</patients_admitted>
    <patients_refused>0</patients_refused>
    <patient_satisfaction>87</patient_satisfaction>
    <staff_morale>97</staff_morale>
    <event>none</event>
  </row>
  <row>
    <week>32</week>
    <month>8</month>
    <service>general_medicine</service>
    <available_beds>34</available_beds>
    <patients_request>59</patients_request>
    <patients_admitted>34</patients_admitted>
    <patients_refused>25</patients_refused>
    <patient_satisfaction>65</patient_satisfaction>
    <staff_morale>67</staff_morale>
    <event>none</event>
  </row>
  <row>
    <week>32</week>
    <month>8</month>
    <service>ICU</service>
    <available_beds>11</available_beds>
    <patients_request>15</patients_request>
    <patients_admitted>11</patients_admitted>
    <patients_refused>4</patients_refused>
    <patient_satisfaction>84</patient_satisfaction>
    <staff_morale>51</staff_morale>
    <event>none</event>
  </row>
  <row>
    <week>33</week>
    <month>9</month>
    <service>emergency</service>
    <available_beds>28</available_beds>
    <patients_request>54</patients_request>
    <patients_admitted>28</patients_admitted>
    <patients_refused>26</patients_refused>
    <patient_satisfaction>92</patient_satisfaction>
    <staff_morale>56</staff_morale>
    <event>donation</event>
  </row>
  <row>
    <week>33</week>
    <month>9</month>
    <service>surgery</service>
    <available_beds>36</available_beds>
    <patients_request>30</patients_request>
    <patients_admitted>30</patients_admitted>
    <patients_refused>0</patients_refused>
    <patient_satisfaction>80</patient_satisfaction>
    <staff_morale>75</staff_morale>
    <event>none</event>
  </row>
  <row>
    <week>33</week>
    <month>9</month>
    <service>general_medicine</service>
    <available_beds>51</available_beds>
    <patients_request>98</patients_request>
    <patients_admitted>51</patients_admitted>
    <patients_refused>47</patients_refused>
    <patient_satisfaction>86</patient_satisfaction>
    <staff_morale>98</staff_morale>
    <event>none</event>
  </row>
  <row>
    <week>33</week>
    <month>9</month>
    <service>ICU</service>
    <available_beds>11</available_beds>
    <patients_request>13</patients_request>
    <patients_admitted>11</patients_admitted>
    <patients_refused>2</patients_refused>
    <patient_satisfaction>94</patient_satisfaction>
    <staff_morale>50</staff_morale>
    <event>none</event>
  </row>
  <row>
    <week>34</week>
    <month>9</month>
    <service>emergency</service>
    <available_beds>21</available_beds>
    <patients_request>31</patients_request>
    <patients_admitted>21</patients_admitted>
    <patients_refused>10</patients_refused>
    <patient_satisfaction>64</patient_satisfaction>
    <staff_morale>60</staff_morale>
    <event>strike</event>
  </row>
  <row>
    <week>34</week>
    <month>9</month>
    <service>surgery</service>
    <available_beds>22</available_beds>
    <patients_request>42</patients_request>
    <patients_admitted>22</patients_admitted>
    <patients_refused>20</patients_refused>
    <patient_satisfaction>96</patient_satisfaction>
    <staff_morale>86</staff_morale>
    <event>none</event>
  </row>
  <row>
    <week>34</week>
    <month>9</month>
    <service>general_medicine</service>
    <available_beds>48</available_beds>
    <patients_request>56</patients_request>
    <patients_admitted>48</patients_admitted>
    <patients_refused>8</patients_refused>
    <patient_satisfaction>80</patient_satisfaction>
    <staff_morale>63</staff_morale>
    <event>none</event>
  </row>
  <row>
    <week>34</week>
    <month>9</month>
    <service>ICU</service>
    <available_beds>10</available_beds>
    <patients_request>7</patients_request>
    <patients_admitted>7</patients_admitted>
    <patients_refused>0</patients_refused>
    <patient_satisfaction>72</patient_satisfaction>
    <staff_morale>53</staff_morale>
    <event>none</event>
  </row>
  <row>
    <week>35</week>
    <month>9</month>
    <service>emergency</service>
    <available_beds>15</available_beds>
    <patients_request>81</patients_request>
    <patients_admitted>15</patients_admitted>
    <patients_refused>66</patients_refused>
    <patient_satisfaction>93</patient_satisfaction>
    <staff_morale>77</staff_morale>
    <event>none</event>
  </row>
  <row>
    <week>35</week>
    <month>9</month>
    <service>surgery</service>
    <available_beds>26</available_beds>
    <patients_request>45</patients_request>
    <patients_admitted>26</patients_admitted>
    <patients_refused>19</patients_refused>
    <patient_satisfaction>93</patient_satisfaction>
    <staff_morale>52</staff_morale>
    <event>none</event>
  </row>
  <row>
    <week>35</week>
    <month>9</month>
    <service>general_medicine</service>
    <available_beds>41</available_beds>
    <patients_request>40</patients_request>
    <patients_admitted>40</patients_admitted>
    <patients_refused>0</patients_refused>
    <patient_satisfaction>64</patient_satisfaction>
    <staff_morale>79</staff_morale>
    <event>none</event>
  </row>
  <row>
    <week>35</week>
    <month>9</month>
    <service>ICU</service>
    <available_beds>18</available_beds>
    <patients_request>5</patients_request>
    <patients_admitted>5</patients_admitted>
    <patients_refused>0</patients_refused>
    <patient_satisfaction>82</patient_satisfaction>
    <staff_morale>64</staff_morale>
    <event>none</event>
  </row>
  <row>
    <week>36</week>
    <month>9</month>
    <service>emergency</service>
    <available_beds>28</available_beds>
    <patients_request>115</patients_request>
    <patients_admitted>28</patients_admitted>
    <patients_refused>87</patients_refused>
    <patient_satisfaction>70</patient_satisfaction>
    <staff_morale>88</staff_morale>
    <event>none</event>
  </row>
  <row>
    <week>36</week>
    <month>9</month>
    <service>surgery</service>
    <available_beds>47</available_beds>
    <patients_request>53</patients_request>
    <patients_admitted>47</patients_admitted>
    <patients_refused>6</patients_refused>
    <patient_satisfaction>97</patient_satisfaction>
    <staff_morale>99</staff_morale>
    <event>none</event>
  </row>
  <row>
    <week>36</week>
    <month>9</month>
    <service>general_medicine</service>
    <available_beds>59</available_beds>
    <patients_request>54</patients_request>
    <patients_admitted>54</patients_admitted>
    <patients_refused>0</patients_refused>
    <patient_satisfaction>86</patient_satisfaction>
    <staff_morale>83</staff_morale>
    <event>none</event>
  </row>
  <row>
    <week>36</week>
    <month>9</month>
    <service>ICU</service>
    <available_beds>15</available_beds>
    <patients_request>5</patients_request>
    <patients_admitted>5</patients_admitted>
    <patients_refused>0</patients_refused>
    <patient_satisfaction>83</patient_satisfaction>
    <staff_morale>64</staff_morale>
    <event>none</event>
  </row>
  <row>
    <week>37</week>
    <month>10</month>
    <service>emergency</service>
    <available_beds>23</available_beds>
    <patients_request>110</patients_request>
    <patients_admitted>23</patients_admitted>
    <patients_refused>87</patients_refused>
    <patient_satisfaction>76</patient_satisfaction>
    <staff_morale>54</staff_morale>
    <event>none</event>
  </row>
  <row>
    <week>37</week>
    <month>10</month>
    <service>surgery</service>
    <available_beds>31</available_beds>
    <patients_request>39</patients_request>
    <patients_admitted>31</patients_admitted>
    <patients_refused>8</patients_refused>
    <patient_satisfaction>69</patient_satisfaction>
    <staff_morale>66</staff_morale>
    <event>none</event>
  </row>
  <row>
    <week>37</week>
    <month>10</month>
    <service>general_medicine</service>
    <available_beds>58</available_beds>
    <patients_request>48</patients_request>
    <patients_admitted>48</patients_admitted>
    <patients_refused>0</patients_refused>
    <patient_satisfaction>93</patient_satisfaction>
    <staff_morale>55</staff_morale>
    <event>none</event>
  </row>
  <row>
    <week>37</week>
    <month>10</month>
    <service>ICU</service>
    <available_beds>13</available_beds>
    <patients_request>20</patients_request>
    <patients_admitted>13</patients_admitted>
    <patients_refused>7</patients_refused>
    <patient_satisfaction>82</patient_satisfaction>
    <staff_morale>65</staff_morale>
    <event>none</event>
  </row>
  <row>
    <week>38</week>
    <month>10</month>
    <service>emergency</service>
    <available_beds>22</available_beds>
    <patients_request>71</patients_request>
    <patients_admitted>22</patients_admitted>
    <patients_refused>49</patients_refused>
    <patient_satisfaction>67</patient_satisfaction>
    <staff_morale>53</staff_morale>
    <event>none</event>
  </row>
  <row>
    <week>38</week>
    <month>10</month>
    <service>surgery</service>
    <available_beds>47</available_beds>
    <patients_request>48</patients_request>
    <patients_admitted>47</patients_admitted>
    <patients_refused>1</patients_refused>
    <patient_satisfaction>62</patient_satisfaction>
    <staff_morale>81</staff_morale>
    <event>none</event>
  </row>
  <row>
    <week>38</week>
    <month>10</month>
    <service>general_medicine</service>
    <available_beds>63</available_beds>
    <patients_request>78</patients_request>
    <patients_admitted>63</patients_admitted>
    <patients_refused>15</patients_refused>
    <patient_satisfaction>78</patient_satisfaction>
    <staff_morale>70</staff_morale>
    <event>none</event>
  </row>
  <row>
    <week>38</week>
    <month>10</month>
    <service>ICU</service>
    <available_beds>20</available_beds>
    <patients_request>18</patients_request>
    <patients_admitted>18</patients_admitted>
    <patients_refused>0</patients_refused>
    <patient_satisfaction>81</patient_satisfaction>
    <staff_morale>70</staff_morale>
    <event>none</event>
  </row>
  <row>
    <week>39</week>
    <month>10</month>
    <service>emergency</service>
    <available_beds>20</available_beds>
    <patients_request>67</patients_request>
    <patients_admitted>20</patients_admitted>
    <patients_refused>47</patients_refused>
    <patient_satisfaction>85</patient_satisfaction>
    <staff_morale>95</staff_morale>
    <event>none</event>
  </row>
  <row>
    <week>39</week>
    <month>10</month>
    <service>surgery</service>
    <available_beds>36</available_beds>
    <patients_request>49</patients_request>
    <patients_admitted>36</patients_admitted>
    <patients_refused>13</patients_refused>
    <patient_satisfaction>86</patient_satisfaction>
    <staff_morale>58</staff_morale>
    <event>none</event>
  </row>
  <row>
    <week>39</week>
    <month>10</month>
    <service>general_medicine</service>
    <available_beds>48</available_beds>
    <patients_request>59</patients_request>
    <patients_admitted>48</patients_admitted>
    <patients_refused>11</patients_refused>
    <patient_satisfaction>89</patient_satisfaction>
    <staff_morale>72</staff_morale>
    <event>strike</event>
  </row>
  <row>
    <week>39</week>
    <month>10</month>
    <service>ICU</service>
    <available_beds>11</available_beds>
    <patients_request>15</patients_request>
    <patients_admitted>11</patients_admitted>
    <patients_refused>4</patients_refused>
    <patient_satisfaction>95</patient_satisfaction>
    <staff_morale>50</staff_morale>
    <event>none</event>
  </row>
  <row>
    <week>40</week>
    <month>10</month>
    <service>emergency</service>
    <available_beds>18</available_beds>
    <patients_request>57</patients_request>
    <patients_admitted>18</patients_admitted>
    <patients_refused>39</patients_refused>
    <patient_satisfaction>81</patient_satisfaction>
    <staff_morale>43</staff_morale>
    <event>strike</event>
  </row>
  <row>
    <week>40</week>
    <month>10</month>
    <service>surgery</service>
    <available_beds>46</available_beds>
    <patients_request>36</patients_request>
    <patients_admitted>36</patients_admitted>
    <patients_refused>0</patients_refused>
    <patient_satisfaction>83</patient_satisfaction>
    <staff_morale>51</staff_morale>
    <event>none</event>
  </row>
  <row>
    <week>40</week>
    <month>10</month>
    <service>general_medicine</service>
    <available_beds>47</available_beds>
    <patients_request>107</patients_request>
    <patients_admitted>47</patients_admitted>
    <patients_refused>60</patients_refused>
    <patient_satisfaction>66</patient_satisfaction>
    <staff_morale>52</staff_morale>
    <event>none</event>
  </row>
  <row>
    <week>40</week>
    <month>10</month>
    <service>ICU</service>
    <available_beds>12</available_beds>
    <patients_request>15</patients_request>
    <patients_admitted>12</patients_admitted>
    <patients_refused>3</patients_refused>
    <patient_satisfaction>97</patient_satisfaction>
    <staff_morale>84</staff_morale>
    <event>none</event>
  </row>
  <row>
    <week>41</week>
    <month>11</month>
    <service>emergency</service>
    <available_beds>27</available_beds>
    <patients_request>92</patients_request>
    <patients_admitted>27</patients_admitted>
    <patients_refused>65</patients_refused>
    <patient_satisfaction>69</patient_satisfaction>
    <staff_morale>88</staff_morale>
    <event>none</event>
  </row>
  <row>
    <week>41</week>
    <month>11</month>
    <service>surgery</service>
    <available_beds>31</available_beds>
    <patients_request>49</patients_request>
    <patients_admitted>31</patients_admitted>
    <patients_refused>18</patients_refused>
    <patient_satisfaction>85</patient_satisfaction>
    <staff_morale>93</staff_morale>
    <event>none</event>
  </row>
  <row>
    <week>41</week>
    <month>11</month>
    <service>general_medicine</service>
    <available_beds>50</available_beds>
    <patients_request>70</patients_request>
    <patients_admitted>50</patients_admitted>
    <patients_refused>20</patients_refused>
    <patient_satisfaction>84</patient_satisfaction>
    <staff_morale>53</staff_morale>
    <event>none</event>
  </row>
  <row>
    <week>41</week>
    <month>11</month>
    <service>ICU</service>
    <available_beds>21</available_beds>
    <patients_request>20</patients_request>
    <patients_admitted>20</patients_admitted>
    <patients_refused>0</patients_refused>
    <patient_satisfaction>77</patient_satisfaction>
    <staff_morale>96</staff_morale>
    <event>none</event>
  </row>
  <row>
    <week>42</week>
    <month>11</month>
    <service>emergency</service>
    <available_beds>24</available_beds>
    <patients_request>99</patients_request>
    <patients_admitted>24</patients_admitted>
    <patients_refused>75</patients_refused>
    <patient_satisfaction>67</patient_satisfaction>
    <staff_morale>89</staff_morale>
    <event>none</event>
  </row>
  <row>
    <week>42</week>
    <month>11</month>
    <service>surgery</service>
    <available_beds>45</available_beds>
    <patients_request>67</patients_request>
    <patients_admitted>45</patients_admitted>
    <patients_refused>22</patients_refused>
    <patient_satisfaction>65</patient_satisfaction>
    <staff_morale>75</staff_morale>
    <event>none</event>
  </row>
  <row>
    <week>42</week>
    <month>11</month>
    <service>general_medicine</service>
    <available_beds>67</available_beds>
    <patients_request>114</patients_request>
    <patients_admitted>67</patients_admitted>
    <patients_refused>47</patients_refused>
    <patient_satisfaction>65</patient_satisfaction>
    <staff_morale>86</staff_morale>
    <event>none</event>
  </row>
  <row>
    <week>42</week>
    <month>11</month>
    <service>ICU</service>
    <available_beds>16</available_beds>
    <patients_request>12</patients_request>
    <patients_admitted>12</patients_admitted>
    <patients_refused>0</patients_refused>
    <patient_satisfaction>80</patient_satisfaction>
    <staff_morale>55</staff_morale>
    <event>none</event>
  </row>
  <row>
    <week>43</week>
    <month>11</month>
    <service>emergency</service>
    <available_beds>21</available_beds>
    <patients_request>171</patients_request>
    <patients_admitted>21</patients_admitted>
    <patients_refused>150</patients_refused>
    <patient_satisfaction>70</patient_satisfaction>
    <staff_morale>79</staff_morale>
    <event>none</event>
  </row>
  <row>
    <week>43</week>
    <month>11</month>
    <service>surgery</service>
    <available_beds>50</available_beds>
    <patients_request>33</patients_request>
    <patients_admitted>33</patients_admitted>
    <patients_refused>0</patients_refused>
    <patient_satisfaction>62</patient_satisfaction>
    <staff_morale>89</staff_morale>
    <event>donation</event>
  </row>
  <row>
    <week>43</week>
    <month>11</month>
    <service>general_medicine</service>
    <available_beds>42</available_beds>
    <patients_request>49</patients_request>
    <patients_admitted>42</patients_admitted>
    <patients_refused>7</patients_refused>
    <patient_satisfaction>79</patient_satisfaction>
    <staff_morale>77</staff_morale>
    <event>none</event>
  </row>
  <row>
    <week>43</week>
    <month>11</month>
    <service>ICU</service>
    <available_beds>18</available_beds>
    <patients_request>12</patients_request>
    <patients_admitted>12</patients_admitted>
    <patients_refused>0</patients_refused>
    <patient_satisfaction>89</patient_satisfaction>
    <staff_morale>87</staff_morale>
    <event>none</event>
  </row>
  <row>
    <week>44</week>
    <month>11</month>
    <service>emergency</service>
    <available_beds>27</available_beds>
    <patients_request>138</patients_request>
    <patients_admitted>27</patients_admitted>
    <patients_refused>111</patients_refused>
    <patient_satisfaction>74</patient_satisfaction>
    <staff_morale>60</staff_morale>
    <event>none</event>
  </row>
  <row>
    <week>44</week>
    <month>11</month>
    <service>surgery</service>
    <available_beds>45</available_beds>
    <patients_request>28</patients_request>
    <patients_admitted>28</patients_admitted>
    <patients_refused>0</patients_refused>
    <patient_satisfaction>65</patient_satisfaction>
    <staff_morale>75</staff_morale>
    <event>none</event>
  </row>
  <row>
    <week>44</week>
    <month>11</month>
    <service>general_medicine</service>
    <available_beds>57</available_beds>
    <patients_request>70</patients_request>
    <patients_admitted>57</patients_admitted>
    <patients_refused>13</patients_refused>
    <patient_satisfaction>92</patient_satisfaction>
    <staff_morale>69</staff_morale>
    <event>none</event>
  </row>
  <row>
    <week>44</week>
    <month>11</month>
    <service>ICU</service>
    <available_beds>12</available_beds>
    <patients_request>16</patients_request>
    <patients_admitted>12</patients_admitted>
    <patients_refused>4</patients_refused>
    <patient_satisfaction>73</patient_satisfaction>
    <staff_morale>87</staff_morale>
    <event>none</event>
  </row>
  <row>
    <week>45</week>
    <month>12</month>
    <service>emergency</service>
    <available_beds>32</available_beds>
    <patients_request>193</patients_request>
    <patients_admitted>32</patients_admitted>
    <patients_refused>161</patients_refused>
    <patient_satisfaction>72</patient_satisfaction>
    <staff_morale>92</staff_morale>
    <event>none</event>
  </row>
  <row>
    <week>45</week>
    <month>12</month>
    <service>surgery</service>
    <available_beds>32</available_beds>
    <patients_request>37</patients_request>
    <patients_admitted>32</patients_admitted>
    <patients_refused>5</patients_refused>
    <patient_satisfaction>64</patient_satisfaction>
    <staff_morale>72</staff_morale>
    <event>none</event>
  </row>
  <row>
    <week>45</week>
    <month>12</month>
    <service>general_medicine</service>
    <available_beds>40</available_beds>
    <patients_request>67</patients_request>
    <patients_admitted>40</patients_admitted>
    <patients_refused>27</patients_refused>
    <patient_satisfaction>99</patient_satisfaction>
    <staff_morale>51</staff_morale>
    <event>none</event>
  </row>
  <row>
    <week>45</week>
    <month>12</month>
    <service>ICU</service>
    <available_beds>18</available_beds>
    <patients_request>42</patients_request>
    <patients_admitted>18</patients_admitted>
    <patients_refused>24</patients_refused>
    <patient_satisfaction>70</patient_satisfaction>
    <staff_morale>54</staff_morale>
    <event>flu</event>
  </row>
  <row>
    <week>46</week>
    <month>12</month>
    <service>emergency</service>
    <available_beds>36</available_beds>
    <patients_request>187</patients_request>
    <patients_admitted>36</patients_admitted>
    <patients_refused>151</patients_refused>
    <patient_satisfaction>64</patient_satisfaction>
    <staff_morale>93</staff_morale>
    <event>none</event>
  </row>
  <row>
    <week>46</week>
    <month>12</month>
    <service>surgery</service>
    <available_beds>52</available_beds>
    <patients_request>39</patients_request>
    <patients_admitted>39</patients_admitted>
    <patients_refused>0</patients_refused>
    <patient_satisfaction>68</patient_satisfaction>
    <staff_morale>83</staff_morale>
    <event>none</event>
  </row>
  <row>
    <week>46</week>
    <month>12</month>
    <service>general_medicine</service>
    <available_beds>41</available_beds>
    <patients_request>29</patients_request>
    <patients_admitted>29</patients_admitted>
    <patients_refused>0</patients_refused>
    <patient_satisfaction>81</patient_satisfaction>
    <staff_morale>58</staff_morale>
    <event>strike</event>
  </row>
  <row>
    <week>46</week>
    <month>12</month>
    <service>ICU</service>
    <available_beds>23</available_beds>
    <patients_request>28</patients_request>
    <patients_admitted>23</patients_admitted>
    <patients_refused>5</patients_refused>
    <patient_satisfaction>89</patient_satisfaction>
    <staff_morale>75</staff_morale>
    <event>flu</event>
  </row>
  <row>
    <week>47</week>
    <month>12</month>
    <service>emergency</service>
    <available_beds>22</available_beds>
    <patients_request>91</patients_request>
    <patients_admitted>22</patients_admitted>
    <patients_refused>69</patients_refused>
    <patient_satisfaction>63</patient_satisfaction>
    <staff_morale>54</staff_morale>
    <event>strike</event>
  </row>
  <row>
    <week>47</week>
    <month>12</month>
    <service>surgery</service>
    <available_beds>57</available_beds>
    <patients_request>48</patients_request>
    <patients_admitted>48</patients_admitted>
    <patients_refused>0</patients_refused>
    <patient_satisfaction>99</patient_satisfaction>
    <staff_morale>57</staff_morale>
    <event>none</event>
  </row>
  <row>
    <week>47</week>
    <month>12</month>
    <service>general_medicine</service>
    <available_beds>55</available_beds>
    <patients_request>92</patients_request>
    <patients_admitted>55</patients_admitted>
    <patients_refused>37</patients_refused>
    <patient_satisfaction>97</patient_satisfaction>
    <staff_morale>82</staff_morale>
    <event>none</event>
  </row>
  <row>
    <week>47</week>
    <month>12</month>
    <service>ICU</service>
    <available_beds>13</available_beds>
    <patients_request>16</patients_request>
    <patients_admitted>13</patients_admitted>
    <patients_refused>3</patients_refused>
    <patient_satisfaction>76</patient_satisfaction>
    <staff_morale>82</staff_morale>
    <event>none</event>
  </row>
  <row>
    <week>48</week>
    <month>12</month>
    <service>emergency</service>
    <available_beds>20</available_beds>
    <patients_request>165</patients_request>
    <patients_admitted>20</patients_admitted>
    <patients_refused>145</patients_refused>
    <patient_satisfaction>99</patient_satisfaction>
    <staff_morale>89</staff_morale>
    <event>none</event>
  </row>
  <row>
    <week>48</week>
    <month>12</month>
    <service>surgery</service>
    <available_beds>49</available_beds>
    <patients_request>32</patients_request>
    <patients_admitted>32</patients_admitted>
    <patients_refused>0</patients_refused>
    <patient_satisfaction>65</patient_satisfaction>
    <staff_morale>52</staff_morale>
    <event>none</event>
  </row>
  <row>
    <week>48</week>
    <month>12</month>
    <service>general_medicine</service>
    <available_beds>48</available_beds>
    <patients_request>105</patients_request>
    <patients_admitted>48</patients_admitted>
    <patients_refused>57</patients_refused>
    <patient_satisfaction>74</patient_satisfaction>
    <staff_morale>96</staff_morale>
    <event>none</event>
  </row>
  <row>
    <week>48</week>
    <month>12</month>
    <service>ICU</service>
    <available_beds>16</available_beds>
    <patients_request>23</patients_request>
    <patients_admitted>16</patients_admitted>
    <patients_refused>7</patients_refused>
    <patient_satisfaction>98</patient_satisfaction>
    <staff_morale>76</staff_morale>
    <event>none</event>
  </row>
  <row>
    <week>49</week>
    <month>12</month>
    <service>emergency</service>
    <available_beds>26</available_beds>
    <patients_request>137</patients_request>
    <patients_admitted>26</patients_admitted>
    <patients_refused>111</patients_refused>
    <patient_satisfaction>92</patient_satisfaction>
    <staff_morale>86</staff_morale>
    <event>none</event>
  </row>
  <row>
    <week>49</week>
    <month>12</month>
    <service>surgery</service>
    <available_beds>26</available_beds>
    <patients_request>29</patients_request>
    <patients_admitted>26</patients_admitted>
    <patients_refused>3</patients_refused>
    <patient_satisfaction>81</patient_satisfaction>
    <staff_morale>51</staff_morale>
    <event>none</event>
  </row>
  <row>
    <week>49</week>
    <month>12</month>
    <service>general_medicine</service>
    <available_beds>72</available_beds>
    <patients_request>63</patients_request>
    <patients_admitted>63</patients_admitted>
    <patients_refused>0</patients_refused>
    <patient_satisfaction>92</patient_satisfaction>
    <staff_morale>87</staff_morale>
    <event>none</event>
  </row>
  <row>
    <week>49</week>
    <month>12</month>
    <service>ICU</service>
    <available_beds>16</available_beds>
    <patients_request>22</patients_request>
    <patients_admitted>16</patients_admitted>
    <patients_refused>6</patients_refused>
    <patient_satisfaction>83</patient_satisfaction>
    <staff_morale>64</staff_morale>
    <event>none</event>
  </row>
  <row>
    <week>50</week>
    <month>12</month>
    <service>emergency</service>
    <available_beds>24</available_beds>
    <patients_request>101</patients_request>
    <patients_admitted>24</patients_admitted>
    <patients_refused>77</patients_refused>
    <patient_satisfaction>63</patient_satisfaction>
    <staff_morale>61</staff_morale>
    <event>none</event>
  </row>
  <row>
    <week>50</week>
    <month>12</month>
    <service>surgery</service>
    <available_beds>59</available_beds>
    <patients_request>65</patients_request>
    <patients_admitted>59</patients_admitted>
    <patients_refused>6</patients_refused>
    <patient_satisfaction>95</patient_satisfaction>
    <staff_morale>85</staff_morale>
    <event>none</event>
  </row>
  <row>
    <week>50</week>
    <month>12</month>
    <service>general_medicine</service>
    <available_beds>72</available_beds>
    <patients_request>57</patients_request>
    <patients_admitted>57</patients_admitted>
    <patients_refused>0</patients_refused>
    <patient_satisfaction>79</patient_satisfaction>
    <staff_morale>60</staff_morale>
    <event>none</event>
  </row>
  <row>
    <week>50</week>
    <month>12</month>
    <service>ICU</service>
    <available_beds>22</available_beds>
    <patients_request>13</patients_request>
    <patients_admitted>13</patients_admitted>
    <patients_refused>0</patients_refused>
    <patient_satisfaction>65</patient_satisfaction>
    <staff_morale>57</staff_morale>
    <event>none</event>
  </row>
  <row>
    <week>51</week>
    <month>12</month>
    <service>emergency</service>
    <available_beds>31</available_beds>
    <patients_request>123</patients_request>
    <patients_admitted>31</patients_admitted>
    <patients_refused>92</patients_refused>
    <patient_satisfaction>71</patient_satisfaction>
    <staff_morale>75</staff_morale>
    <event>none</event>
  </row>
  <row>
    <week>51</week>
    <month>12</month>
    <service>surgery</service>
    <available_beds>63</available_beds>
    <patients_request>48</patients_request>
    <patients_admitted>48</patients_admitted>
    <patients_refused>0</patients_refused>
    <patient_satisfaction>84</patient_satisfaction>
    <staff_morale>82</staff_morale>
    <event>none</event>
  </row>
  <row>
    <week>51</week>
    <month>12</month>
    <service>general_medicine</service>
    <available_beds>74</available_beds>
    <patients_request>285</patients_request>
    <patients_admitted>74</patients_admitted>
    <patients_refused>211</patients_refused>
    <patient_satisfaction>95</patient_satisfaction>
    <staff_morale>89</staff_morale>
    <event>flu</event>
  </row>
  <row>
    <week>51</week>
    <month>12</month>
    <service>ICU</service>
    <available_beds>18</available_beds>
    <patients_request>15</patients_request>
    <patients_admitted>15</patients_admitted>
    <patients_refused>0</patients_refused>
    <patient_satisfaction>87</patient_satisfaction>
    <staff_morale>80</staff_morale>
    <event>none</event>
  </row>
  <row>
    <week>52</week>
    <month>12</month>
    <service>emergency</service>
    <available_beds>26</available_beds>
    <patients_request>130</patients_request>
    <patients_admitted>26</patients_admitted>
    <patients_refused>104</patients_refused>
    <patient_satisfaction>88</patient_satisfaction>
    <staff_morale>63</staff_morale>
    <event>none</event>
  </row>
  <row>
    <week>52</week>
    <month>12</month>
    <service>surgery</service>
    <available_beds>53</available_beds>
    <patients_request>39</patients_request>
    <patients_admitted>39</patients_admitted>
    <patients_refused>0</patients_refused>
    <patient_satisfaction>82</patient_satisfaction>
    <staff_morale>50</staff_morale>
    <event>none</event>
  </row>
  <row>
    <week>52</week>
    <month>12</month>
    <service>general_medicine</service>
    <available_beds>65</available_beds>
    <patients_request>225</patients_request>
    <patients_admitted>65</patients_admitted>
    <patients_refused>160</patients_refused>
    <patient_satisfaction>82</patient_satisfaction>
    <staff_morale>40</staff_morale>
    <event>flu</event>
  </row>
  <row>
    <week>52</week>
    <month>12</month>
    <service>ICU</service>
    <available_beds>22</available_beds>
    <patients_request>24</patients_request>
    <patients_admitted>22</patients_admitted>
    <patients_refused>2</patients_refused>
    <patient_satisfaction>80</patient_satisfaction>
    <staff_morale>96</staff_morale>
    <event>none</event>
  </row>
</root>